{
  "best_epoch": 8,
  "peak_cpu_memory_MB": 1759.670272,
  "training_duration": "4:16:26.044395",
  "training_start_epoch": 0,
  "training_epochs": 17,
  "epoch": 17,
  "training_m_P": 0.9747639894485474,
  "training_m_R": 0.9783163070678711,
  "training_m_F1": 0.9765369296073914,
  "training_c_P": 0.9627350568771362,
  "training_c_R": 0.9578231573104858,
  "training_c_F1": 0.9602728486061096,
  "training_a_P": 0.923259973526001,
  "training_a_R": 0.9210682511329651,
  "training_a_F1": 0.9221628308296204,
  "training_u_P": 0.9810874462127686,
  "training_u_R": 0.9787735939025879,
  "training_u_F1": 0.9799291491508484,
  "training_average_F1": 0.9597254395484924,
  "training_accuracy": 0.9634620859827275,
  "training_loss": 0.10317539691212446,
  "training_cpu_memory_MB": 1759.670272,
  "validation_m_P": 0.8063355088233948,
  "validation_m_R": 0.8277900815010071,
  "validation_m_F1": 0.8169219493865967,
  "validation_c_P": 0.7048114538192749,
  "validation_c_R": 0.7424657344818115,
  "validation_c_F1": 0.7231488227844238,
  "validation_a_P": 0.5392670035362244,
  "validation_a_R": 0.4598214328289032,
  "validation_a_F1": 0.4963855445384979,
  "validation_u_P": 0.8315789699554443,
  "validation_u_R": 0.7596153616905212,
  "validation_u_F1": 0.7939698100090027,
  "validation_average_F1": 0.7076065316796303,
  "validation_accuracy": 0.7388994307400379,
  "validation_loss": 1.2185947988406722,
  "best_validation_m_P": 0.8156182169914246,
  "best_validation_m_R": 0.8337028622627258,
  "best_validation_m_F1": 0.8245614171028137,
  "best_validation_c_P": 0.6991150379180908,
  "best_validation_c_R": 0.7575342655181885,
  "best_validation_c_F1": 0.7271531820297241,
  "best_validation_a_P": 0.5498652458190918,
  "best_validation_a_R": 0.4553571343421936,
  "best_validation_a_F1": 0.49816855788230896,
  "best_validation_u_P": 0.8666666746139526,
  "best_validation_u_R": 0.75,
  "best_validation_u_F1": 0.8041236996650696,
  "best_validation_average_F1": 0.7135017141699791,
  "best_validation_accuracy": 0.7449715370018976,
  "best_validation_loss": 0.8092704885695354,
  "test_m_P": 0.8156182169914246,
  "test_m_R": 0.8337028622627258,
  "test_m_F1": 0.8245614171028137,
  "test_c_P": 0.6991150379180908,
  "test_c_R": 0.7575342655181885,
  "test_c_F1": 0.7271531820297241,
  "test_a_P": 0.5498652458190918,
  "test_a_R": 0.4553571343421936,
  "test_a_F1": 0.49816855788230896,
  "test_u_P": 0.8666666746139526,
  "test_u_R": 0.75,
  "test_u_F1": 0.8041236996650696,
  "test_average_F1": 0.7135017141699791,
  "test_accuracy": 0.7449715370018976,
  "test_loss": 0.8023609224572239
}