{
  "best_epoch": 26,
  "peak_cpu_memory_MB": 2125.111296,
  "training_duration": "8:40:14.402866",
  "training_start_epoch": 0,
  "training_epochs": 35,
  "epoch": 35,
  "training_m_P": 0.9883424639701843,
  "training_m_R": 0.9887025952339172,
  "training_m_F1": 0.9885225296020508,
  "training_c_P": 0.9816263914108276,
  "training_c_R": 0.9812925457954407,
  "training_c_F1": 0.9814594388008118,
  "training_a_P": 0.9726678729057312,
  "training_a_R": 0.9715133309364319,
  "training_a_F1": 0.9720902442932129,
  "training_u_P": 0.9882352948188782,
  "training_u_R": 0.9905660152435303,
  "training_u_F1": 0.9893993139266968,
  "training_average_F1": 0.982867881655693,
  "training_accuracy": 0.983961279301509,
  "training_loss": 0.0467631405201797,
  "training_cpu_memory_MB": 2125.111296,
  "validation_m_P": 0.7827540040016174,
  "validation_m_R": 0.8654841184616089,
  "validation_m_F1": 0.8220427632331848,
  "validation_c_P": 0.7137042284011841,
  "validation_c_R": 0.7205479741096497,
  "validation_c_F1": 0.717109739780426,
  "validation_a_P": 0.5993377566337585,
  "validation_a_R": 0.4040178656578064,
  "validation_a_F1": 0.48266667127609253,
  "validation_u_P": 0.800000011920929,
  "validation_u_R": 0.7692307829856873,
  "validation_u_F1": 0.7843137383460999,
  "validation_average_F1": 0.7015332281589508,
  "validation_accuracy": 0.7430740037950664,
  "validation_loss": 1.7012060658041253,
  "best_validation_m_P": 0.7975121140480042,
  "best_validation_m_R": 0.8529194593429565,
  "best_validation_m_F1": 0.8242857456207275,
  "best_validation_c_P": 0.7266187071800232,
  "best_validation_c_R": 0.6917808055877686,
  "best_validation_c_F1": 0.7087718844413757,
  "best_validation_a_P": 0.5541561841964722,
  "best_validation_a_R": 0.4910714328289032,
  "best_validation_a_F1": 0.5207100510597229,
  "best_validation_u_P": 0.8645833134651184,
  "best_validation_u_R": 0.7980769276618958,
  "best_validation_u_F1": 0.8299999833106995,
  "best_validation_average_F1": 0.7209419161081314,
  "best_validation_accuracy": 0.7445920303605313,
  "best_validation_loss": 1.5119491865835994,
  "test_m_P": 0.7975121140480042,
  "test_m_R": 0.8529194593429565,
  "test_m_F1": 0.8242857456207275,
  "test_c_P": 0.7266187071800232,
  "test_c_R": 0.6917808055877686,
  "test_c_F1": 0.7087718844413757,
  "test_a_P": 0.5541561841964722,
  "test_a_R": 0.4910714328289032,
  "test_a_F1": 0.5207100510597229,
  "test_u_P": 0.8645833134651184,
  "test_u_R": 0.7980769276618958,
  "test_u_F1": 0.8299999833106995,
  "test_average_F1": 0.7209419161081314,
  "test_accuracy": 0.7445920303605313,
  "test_loss": 1.5011770635708628
}